Label,ID
Romance Dawn,1
Orange Town,2
Syrup Village,3
Baratie,4
Arlong Park,5
Loguetown,6
Reverse Mountain,7
Whisky Peak,8
Little Garden,9
Drum Island,10
Arabasta,11
Jaya,12
Skypiea,13
Long Ring Long Land,14
Water 7,15
Enies Lobby,16
Post-Enies Lobby,17
Thriller Bark,18
Sabaody Archipelago,19
Amazon Lily,20
Impel Down,21
Marineford,22
Post-War,23
Return to Sabaody,24
Fish-Man Island,25
Punk Hazard,26
Dressrosa,27
Zou,28
Whole Cake Island,29
Levely,30
Wano Country,31
Egghead,32
Monkey D. Luffy ,33
Roronoa Zoro ,34
Nami ,35
Sanji ,36
Trafalgar Law ,37
Nico Robin ,38
Boa Hancock ,39
Carrot ,40
Portgas D. Ace ,41
Sabo ,42
Yamato ,43
Shanks ,44
Donquixote Rosinante ,45
Charlotte Katakuri ,46
Usopp ,47
Tony Tony Chopper ,48
Crocodile ,49
Jinbe ,50
Marco ,51
Donquixote Doflamingo ,52
Nefertari Vivi ,53
Bentham (Mr. 2 Bon Kurei) ,54
Eustass Kid ,55
Kozuki Oden ,56
Perona ,57
Brook ,58
Smoker ,59
Franky ,60
Gol D. Roger ,61
Dracule Mihawk ,62
Edward Newgate ,63
Going Merry ,64
Silvers Rayleigh ,65
Buggy ,66
Enel ,67
Kuzan (Aokiji) ,68
Woop Slap ,69
Tashigi ,70
Vinsmoke Reiju ,71
Bartolomeo ,72
X Drake ,73
Koby ,74
Rob Lucci ,75
Monkey D. Garp ,76
Charlotte Pudding ,77
Marshall D. Teach ,78
Kikunojo ,79
Izou ,80
Kozuki Hiyori ,81
Shirahoshi ,82
Pell ,83
Issho (Fujitora) ,84
Sakazuki (Akainu) ,85
Tama (Wano) ,86
Killer ,87
Ulti ,88
Benn Beckman ,89
Koala ,90
Borsalino (Kizaru) ,91
Gaimon ,92
Pedro ,93
Monkey D. Dragon ,94
Thousand Sunny ,95
Bepo ,96
Kaidou ,97
Hiriluk ,98
Rebecca ,99
Urouge ,100
Senor Pink ,101
Cavendish ,102
Gecko Moria ,103
Karoo ,104
Monet ,105
Kaku (Cipher Pol) ,106
Orlumbus ,107
Emporio Ivankov ,108
Morgans ,109
Bell-mère ,110
Basil Hawkins ,111
Denjiro (Kyoshiro) ,112
Jewelry Bonney ,113
Charlotte Linlin (Big Mom) ,114
Kung-Fu Dugongs ,115
Charlotte Mont-d'Or ,116
Caesar Clown ,117
Kin'emon ,118
Zeff ,119
Vista ,120
Charlotte Perospero ,121
Kawamatsu ,122
Bartholomew Kuma ,123
Charlotte Cracker ,124
Nekomamushi ,125
Baby 5 ,126
Mont Blanc Noland ,127
Iceburg ,128
Mikita (Miss Valentine) ,129
Laboon ,130
Kyros ,131
Vinsmoke Niji ,132
Curly Dadan ,133
Makino ,134
Vinsmoke Ichiji ,135
King ,136
Kalifa ,137
Hannyabal ,138
Daz Bonez (Mr. 1) ,139
Bellamy ,140
Magellan ,141
Higuma ,142
Kureha ,143
Page One ,144
Belo Betty ,145
Viola ,146
Kalgara ,147
Sugar ,148
Raki ,149
Foxy ,150
Alvida ,151
Ryuma ,152
Jabra ,153
Leo ,154
Nojiko,155
Conis ,156
Arlong ,157
Kumashi ,158
Sasaki ,159
Vinsmoke Yonji ,160
Galdino (Mr. 3) ,161
Queen ,162
Rocks D. Xebec ,163
