Source,Target,Type,Weight
1,33,Undirected,1
1,44,Undirected,1
1,61,Undirected,1
1,69,Undirected,1
1,74,Undirected,1
1,89,Undirected,1
1,134,Undirected,1
1,151,Undirected,1
1,142,Undirected,1
2,33,Undirected,1
2,34,Undirected,1
2,35,Undirected,1
2,66,Undirected,1
2,74,Undirected,1
3,33,Undirected,1
3,34,Undirected,1
3,35,Undirected,1
3,47,Undirected,1
4,33,Undirected,1
4,34,Undirected,1
4,35,Undirected,1
4,36,Undirected,1
4,47,Undirected,1
4,64,Undirected,1
4,62,Undirected,1
4,119,Undirected,1
4,92,Undirected,1
5,33,Undirected,1
5,34,Undirected,1
5,35,Undirected,1
5,47,Undirected,1
5,36,Undirected,1
5,64,Undirected,1
5,110,Undirected,1
5,155,Undirected,1
5,157,Undirected,1
6,33,Undirected,1
6,34,Undirected,1
6,35,Undirected,1
6,47,Undirected,1
6,36,Undirected,1
6,64,Undirected,1
6,66,Undirected,1
6,94,Undirected,1
6,70,Undirected,1
6,59,Undirected,1
7,33,Undirected,1
7,34,Undirected,1
7,35,Undirected,1
7,47,Undirected,1
7,36,Undirected,1
7,64,Undirected,1
7,130,Undirected,1
8,33,Undirected,1
8,34,Undirected,1
8,35,Undirected,1
8,47,Undirected,1
8,36,Undirected,1
8,64,Undirected,1
8,53,Undirected,1
8,130,Undirected,1
9,33,Undirected,1
9,34,Undirected,1
9,35,Undirected,1
9,47,Undirected,1
9,36,Undirected,1
9,64,Undirected,1
9,53,Undirected,1
10,33,Undirected,1
10,34,Undirected,1
10,35,Undirected,1
10,47,Undirected,1
10,36,Undirected,1
10,64,Undirected,1
10,48,Undirected,1
10,53,Undirected,1
10,104,Undirected,1
10,143,Undirected,1
10,49,Undirected,1
10,98,Undirected,1
11,33,Undirected,1
11,34,Undirected,1
11,35,Undirected,1
11,47,Undirected,1
11,36,Undirected,1
11,64,Undirected,1
11,48,Undirected,1
11,53,Undirected,1
11,104,Undirected,1
11,38,Undirected,1
11,41,Undirected,1
11,49,Undirected,1
11,139,Undirected,1
11,54,Undirected,1
11,161,Undirected,1
11,78,Undirected,1
11,115,Undirected,1
11,129,Undirected,1
11,83,Undirected,1
12,33,Undirected,1
12,34,Undirected,1
12,35,Undirected,1
12,47,Undirected,1
12,36,Undirected,1
12,64,Undirected,1
12,48,Undirected,1
12,38,Undirected,1
12,140,Undirected,1
12,127,Undirected,1
13,33,Undirected,1
13,34,Undirected,1
13,35,Undirected,1
13,47,Undirected,1
13,36,Undirected,1
13,64,Undirected,1
13,48,Undirected,1
13,38,Undirected,1
13,127,Undirected,1
13,149,Undirected,1
13,156,Undirected,1
13,52,Undirected,1
13,67,Undirected,1
13,147,Undirected,1
14,33,Undirected,1
14,34,Undirected,1
14,35,Undirected,1
14,47,Undirected,1
14,36,Undirected,1
14,64,Undirected,1
14,48,Undirected,1
14,38,Undirected,1
14,150,Undirected,1
14,68,Undirected,1
15,33,Undirected,1
15,34,Undirected,1
15,35,Undirected,1
15,47,Undirected,1
15,36,Undirected,1
15,64,Undirected,1
15,48,Undirected,1
15,38,Undirected,1
15,60,Undirected,1
15,75,Undirected,1
15,106,Undirected,1
15,128,Undirected,1
15,137,Undirected,1
15,153,Undirected,1
16,33,Undirected,1
16,34,Undirected,1
16,35,Undirected,1
16,47,Undirected,1
16,36,Undirected,1
16,64,Undirected,1
16,48,Undirected,1
16,38,Undirected,1
16,60,Undirected,1
16,75,Undirected,1
16,106,Undirected,1
16,128,Undirected,1
16,137,Undirected,1
16,153,Undirected,1
17,33,Undirected,1
17,34,Undirected,1
17,35,Undirected,1
17,47,Undirected,1
17,36,Undirected,1
17,64,Undirected,1
17,48,Undirected,1
17,38,Undirected,1
17,60,Undirected,1
17,76,Undirected,1
17,95,Undirected,1
17,128,Undirected,1
18,33,Undirected,1
18,34,Undirected,1
18,35,Undirected,1
18,47,Undirected,1
18,36,Undirected,1
18,48,Undirected,1
18,38,Undirected,1
18,60,Undirected,1
18,58,Undirected,1
18,95,Undirected,1
18,57,Undirected,1
18,103,Undirected,1
18,123,Undirected,1
18,152,Undirected,1
18,158,Undirected,1
19,33,Undirected,1
19,34,Undirected,1
19,35,Undirected,1
19,47,Undirected,1
19,36,Undirected,1
19,48,Undirected,1
19,38,Undirected,1
19,60,Undirected,1
19,58,Undirected,1
19,95,Undirected,1
19,37,Undirected,1
19,55,Undirected,1
19,65,Undirected,1
19,73,Undirected,1
19,87,Undirected,1
19,91,Undirected,1
19,96,Undirected,1
19,100,Undirected,1
19,111,Undirected,1
19,113,Undirected,1
19,123,Undirected,1
20,33,Undirected,1
20,39,Undirected,1
20,65,Undirected,1
21,33,Undirected,1
21,41,Undirected,1
21,50,Undirected,1
21,54,Undirected,1
21,78,Undirected,1
21,108,Undirected,1
21,138,Undirected,1
21,141,Undirected,1
21,161,Undirected,1
21,66,Undirected,1
21,49,Undirected,1
22,33,Undirected,1
22,41,Undirected,1
22,50,Undirected,1
22,54,Undirected,1
22,78,Undirected,1
22,108,Undirected,1
22,44,Undirected,1
22,89,Undirected,1
22,161,Undirected,1
22,66,Undirected,1
22,49,Undirected,1
22,120,Undirected,1
22,103,Undirected,1
22,39,Undirected,1
22,51,Undirected,1
22,52,Undirected,1
22,62,Undirected,1
22,63,Undirected,1
22,68,Undirected,1
22,76,Undirected,1
22,80,Undirected,1
22,85,Undirected,1
22,37,Undirected,1
22,59,Undirected,1
22,74,Undirected,1
22,91,Undirected,1
23,33,Undirected,1
23,41,Undirected,1
23,42,Undirected,1
23,133,Undirected,1
23,134,Undirected,1
23,76,Undirected,1
23,44,Undirected,1
23,61,Undirected,1
23,94,Undirected,1
23,50,Undirected,1
23,65,Undirected,1
24,33,Undirected,1
24,34,Undirected,1
24,35,Undirected,1
24,47,Undirected,1
24,36,Undirected,1
24,48,Undirected,1
24,38,Undirected,1
24,60,Undirected,1
24,58,Undirected,1
24,95,Undirected,1
24,65,Undirected,1
24,57,Undirected,1
24,123,Undirected,1
24,39,Undirected,1
25,33,Undirected,1
25,34,Undirected,1
25,35,Undirected,1
25,47,Undirected,1
25,36,Undirected,1
25,48,Undirected,1
25,38,Undirected,1
25,60,Undirected,1
25,58,Undirected,1
25,95,Undirected,1
25,50,Undirected,1
25,82,Undirected,1
25,114,Undirected,1
26,33,Undirected,1
26,34,Undirected,1
26,35,Undirected,1
26,47,Undirected,1
26,36,Undirected,1
26,48,Undirected,1
26,38,Undirected,1
26,60,Undirected,1
26,58,Undirected,1
26,95,Undirected,1
26,52,Undirected,1
26,37,Undirected,1
26,96,Undirected,1
26,118,Undirected,1
26,126,Undirected,1
26,117,Undirected,1
26,70,Undirected,1
26,59,Undirected,1
27,33,Undirected,1
27,34,Undirected,1
27,35,Undirected,1
27,47,Undirected,1
27,36,Undirected,1
27,48,Undirected,1
27,38,Undirected,1
27,60,Undirected,1
27,58,Undirected,1
27,95,Undirected,1
27,52,Undirected,1
27,37,Undirected,1
27,96,Undirected,1
27,118,Undirected,1
27,126,Undirected,1
27,42,Undirected,1
27,45,Undirected,1
27,72,Undirected,1
27,84,Undirected,1
27,90,Undirected,1
27,99,Undirected,1
27,101,Undirected,1
27,102,Undirected,1
27,105,Undirected,1
27,107,Undirected,1
27,117,Undirected,1
27,131,Undirected,1
27,140,Undirected,1
27,146,Undirected,1
27,148,Undirected,1
27,154,Undirected,1
28,33,Undirected,1
28,34,Undirected,1
28,35,Undirected,1
28,47,Undirected,1
28,36,Undirected,1
28,48,Undirected,1
28,38,Undirected,1
28,60,Undirected,1
28,58,Undirected,1
28,95,Undirected,1
28,40,Undirected,1
28,37,Undirected,1
28,93,Undirected,1
28,96,Undirected,1
28,118,Undirected,1
28,125,Undirected,1
29,33,Undirected,1
29,35,Undirected,1
29,36,Undirected,1
29,48,Undirected,1
29,58,Undirected,1
29,95,Undirected,1
29,40,Undirected,1
29,93,Undirected,1
29,46,Undirected,1
29,77,Undirected,1
29,109,Undirected,1
29,114,Undirected,1
29,116,Undirected,1
29,117,Undirected,1
29,121,Undirected,1
29,124,Undirected,1
29,132,Undirected,1
29,135,Undirected,1
29,160,Undirected,1
29,71,Undirected,1
30,143,Undirected,1
30,145,Undirected,1
30,123,Undirected,1
30,113,Undirected,1
30,94,Undirected,1
30,78,Undirected,1
30,82,Undirected,1
30,83,Undirected,1
30,85,Undirected,1
30,109,Undirected,1
30,75,Undirected,1
30,76,Undirected,1
30,53,Undirected,1
30,66,Undirected,1
30,42,Undirected,1
30,74,Undirected,1
30,84,Undirected,1
31,33,Undirected,1
31,34,Undirected,1
31,35,Undirected,1
31,47,Undirected,1
31,36,Undirected,1
31,48,Undirected,1
31,38,Undirected,1
31,60,Undirected,1
31,58,Undirected,1
31,95,Undirected,1
31,40,Undirected,1
31,41,Undirected,1
31,37,Undirected,1
31,43,Undirected,1
31,55,Undirected,1
31,56,Undirected,1
31,63,Undirected,1
31,73,Undirected,1
31,79,Undirected,1
31,86,Undirected,1
31,87,Undirected,1
31,88,Undirected,1
31,96,Undirected,1
31,97,Undirected,1
31,103,Undirected,1
31,109,Undirected,1
31,111,Undirected,1
31,112,Undirected,1
31,114,Undirected,1
31,118,Undirected,1
31,121,Undirected,1
31,122,Undirected,1
31,125,Undirected,1
31,136,Undirected,1
31,144,Undirected,1
31,152,Undirected,1
31,159,Undirected,1
31,162,Undirected,1
31,50,Undirected,1
31,61,Undirected,1
31,51,Undirected,1
31,65,Undirected,1
31,163,Undirected,1
31,44,Undirected,1
31,80,Undirected,1
31,81,Undirected,1
31,89,Undirected,1
32,33,Undirected,1
32,34,Undirected,1
32,35,Undirected,1
32,47,Undirected,1
32,36,Undirected,1
32,48,Undirected,1
32,38,Undirected,1
32,60,Undirected,1
32,58,Undirected,1
32,50,Undirected,1
32,95,Undirected,1
32,37,Undirected,1
32,39,Undirected,1
32,42,Undirected,1
32,62,Undirected,1
32,68,Undirected,1
32,75,Undirected,1
32,77,Undirected,1
32,78,Undirected,1
32,85,Undirected,1
32,90,Undirected,1
32,94,Undirected,1
32,96,Undirected,1
32,106,Undirected,1
32,108,Undirected,1
32,109,Undirected,1
32,113,Undirected,1
32,123,Undirected,1
32,139,Undirected,1
32,145,Undirected,1
32,49,Undirected,1
32,66,Undirected,1
